url_path,views_total,views_unique
/legorovers/pirover_simulator,7,3
/legorovers/pirover_simulator/releases/tag/v2.2,3,1
/legorovers/pirover_simulator/blob/master/pysim.py,2,1
/legorovers/pirover_simulator/issues,2,1
/legorovers/pirover_simulator/pull/28,2,1
/legorovers/pirover_simulator/pull/28/commits,2,1
/legorovers/pirover_simulator/blob/master/sample.py,1,1
/legorovers/pirover_simulator/blob/master/sample.txt,1,1
/legorovers/pirover_simulator/blob/master/setup_programming.py,1,1
/legorovers/pirover_simulator/pull/28/commits/d1e172b81f28f0e8c745c19ca54a50ba43b6294f,1,1
